cluster,distance,global_tfidf,number_of_docs,word
1,80,0.5362189255,1055,prayer
1,0,0.3594892599,942,day
1,81,0.3360642266,2241,abu
1,77,0.2390274130,504,time
1,77,0.4734178618,935,man
1,72,0.2359468561,421,night
1,83,0.2609835826,1007,huraira
1,0,0.0955451759,199,resurrect
1,82,0.2663204706,4244,allah
1,76,0.5430508541,1442,peopl
1,85,0.2449620133,885,aisha
1,83,0.2549382413,4423,prophet
1,45,0.1229006006,213,battl
1,77,0.2422971363,515,person
1,82,0.3236574111,3232,apostl
